{"cameraMode":{"drawMode":0,"name":"Shaded","section":"Shading Mode"},"sceneLighting":false,"audioPlay":false,"sceneViewState":{"showFog":true,"showMaterialUpdate":false,"showSkybox":false,"showFlares":true,"showImageEffects":true,"showParticleSystems":true,"showVisualEffectGraphs":true,"m_FxEnabled":true},"in2DMode":false,"pivot":{"x":3.725290298461914e-9,"y":0.05000000074505806,"z":-3.725290298461914e-9},"rotation":{"x":-0.21491360664367677,"y":-0.05154251679778099,"z":0.011357911862432957,"w":-0.975208580493927},"size":0.06123724952340126,"orthographic":false}